{"cameraMode":{"drawMode":0,"name":"Shaded","section":"Shading Mode"},"sceneLighting":true,"audioPlay":false,"sceneViewState":{"m_AlwaysRefresh":false,"showFog":true,"showSkybox":true,"showFlares":true,"showImageEffects":true,"showParticleSystems":true,"showVisualEffectGraphs":true,"m_FxEnabled":true},"in2DMode":false,"pivot":{"x":450.26678466796877,"y":340.2251892089844,"z":5.63226318359375},"rotation":{"x":-0.027298109605908395,"y":0.027289442718029023,"z":-0.0007058483897708356,"w":-0.9994084239006043},"size":172.67710876464845,"orthographic":false}