{"cameraMode":{"drawMode":0,"name":"Shaded","section":"Shading Mode"},"sceneLighting":true,"audioPlay":false,"sceneViewState":{"showFog":true,"showMaterialUpdate":false,"showSkybox":true,"showFlares":true,"showImageEffects":true,"showParticleSystems":true,"showVisualEffectGraphs":true,"m_FxEnabled":true},"in2DMode":false,"pivot":{"x":1.5206178426742554,"y":1.7579021453857422,"z":-2.5424602031707765},"rotation":{"x":0.30153629183769228,"y":0.16992780566215516,"z":-0.054582737386226657,"w":0.9367243051528931},"size":1.9098293781280518,"orthographic":false}